<?xml version="1.0" encoding="UTF-8"?>
<!--  This file conforms to the DTD xdc/bld/build.dtd -->
<package name="configPkg" version="" producerId="undefined">
    <units>
    </units>
    <sources>
        <srcFile name="package/cfg/empty_pem3.c"/>
    </sources>
    <configscripts>
        <srcFile name="/home/student/workspace_v10/empty_CC2650STK_TI/empty.cfg"/>
    </configscripts>
    <makefiles>
        <srcFile name="package.mak" src="package.bld"/>
        <srcFile name="package/package.xdc.dep" src="package.xdc"/>
        <srcFile name="package/cfg/empty_pem3.mak" src="package.bld"/>
        <srcFile name="package/cfg/empty_pem3.oem3.dep" src="package/cfg/empty_pem3.c"/>
        <srcFile name="package/cfg/empty_pem3.dep" src="package/cfg/empty_pem3.cfg"/>
        <srcFile name="package/cfg/empty.xem3.mak" src="package.bld"/>
        <srcFile name="package/rel/configPkg.tar.dep" src="package/rel/configPkg.xdc.inc"/>
    </makefiles>
    <targets>
        <target name="ti.targets.arm.elf.M3"
            version="ti.targets.arm.elf.M3{1,0,20.2,5"
            rawVersion="20.2.5"
            platform="ti.platforms.simCM3"
            isa="v7M"
            suffix="em3"
            rootDir="/home/student/ti/ccs1040/ccs/tools/compiler/ti-cgt-arm_20.2.5.LTS"
            os="undefined"
            rts="ti.targets.arm.rtsarm">
            <model endian="little"
                codeModel="thumb2"
                dataModel="undefined"/>
        </target>
    </targets>
    <libraries>
    </libraries>
    <configurations>
    <configuration name="empty"
        pname="empty.pem3"
        target="ti.targets.arm.elf.M3"
        platform="ti.platforms.simplelink:CC2650F128"
        profile="release"
        isPartial="false"
        xCfgScript="package/cfg/empty_pem3.cfg"
        xCfgPrefix="package/cfg/empty_pem3"
        cfgScript="/home/student/workspace_v10/empty_CC2650STK_TI/empty.cfg"
        cfgArgs="null"
        />
    </configurations>
    <executables>
    <executable name="empty"
        pname="empty.xem3"
        target="ti.targets.arm.elf.M3"
        platform="ti.platforms.simplelink:CC2650F128"
        profile="release"
        xCfgScript="package/cfg/empty_pem3.cfg"
        xCfgPrefix="package/cfg/empty_pem3"
        cfgScript="/home/student/workspace_v10/empty_CC2650STK_TI/empty.cfg"
        cfgArgs="null"
        />
    </executables>
    <tests>
    <test exeName="empty.xem3"
        args=""
        groupName="empty.xem3"
        refOutput="undefined"
        refExitCode="0"
        execArgs=""
        />
    </tests>
    <releases relDir="package/rel/">
    <release name="configPkg"
        pname="configPkg.tar"
        label="default"
    >
        <file name="package/package.bld.xml"/>
        <file name="package/build.cfg"/>
        <file name="package/package.xdc.inc"/>
    </release>
    </releases>
    <repositories>
    </repositories>
</package>
